subject_id,sex,age_years
td_1,F,10
td_2,F,7
td_3,M,11
td_4,M,5
td_5,F,3
td_6,M,10
td_7,M,2
td_8,F,6
td_9,M,11
td_10,F,5
td_11,F,7
td_12,M,5
td_13,M,4
td_14,F,3
td_15,F,5
td_16,F,6
td_17,F,5
td_18,M,5
td_19,M,4
td_20,F,10
td_21,F,4
td_22,F,3
td_23,F,2
td_24,M,6
td_25,M,7
td_26,F,4
td_27,F,4
td_28,F,2
td_29,F,5
td_30,F,11
td_31,M,11
td_32,M,7
td_33,M,10
td_34,M,6
td_35,M,5
td_36,M,6
td_37,M,10
td_38,F,4
td_39,M,6
td_40,F,4
td_41,F,6
td_42,M,6
td_43,M,9
td_44,F,6
td_45,F,9
td_46,M,14
td_47,M,11
td_48,M,13
td_49,M,12
td_50,M,6
asd_1,F,13
asd_2,M,9
asd_3,M,7
asd_4,M,8
asd_5,M,8
asd_6,M,9
asd_7,M,9
asd_8,M,10
asd_9,M,11
asd_10,M,10
asd_11,M,9
asd_12,M,8
asd_13,F,10
asd_14,M,5
asd_15,M,6
asd_16,M,9
asd_17,M,9
asd_18,M,6
asd_19,M,7
asd_20,M,7
asd_21,M,8
asd_22,M,9
asd_23,M,9
asd_24,F,9
asd_25,M,9
asd_26,M,10
asd_27,F,9
asd_28,M,13
asd_29,M,10
asd_30,F,8
asd_31,M,13
asd_32,M,15
asd_33,M,6
asd_34,M,10
asd_35,M,12
asd_36,M,6
asd_37,M,7
asd_38,M,5
asd_39,F,5
asd_40,M,10
asd_41,M,7
asd_42,M,7
asd_43,M,9
asd_44,F,10
asd_45,M,6
asd_46,M,10
asd_47,M,7
asd_48,M,8
asd_49,F,6
asd_50,M,8
