clip_id,legacy_identical,legacy_max_abs_diff,legacy_mask_equal
asd_1,False,1.1444091796875e-05,True
asd_2,False,1.9073486328125e-06,True
asd_3,False,4.57763671875e-05,True
asd_4,False,2.980232238769531e-07,True
asd_5,False,3.814697265625e-06,True
asd_6,False,3.5762786865234375e-07,True
asd_7,False,3.814697265625e-06,True
asd_8,False,3.933906555175781e-06,True
asd_9,False,9.5367431640625e-07,True
asd_10,False,1.430511474609375e-06,True
asd_11,False,7.152557373046875e-06,True
asd_12,False,9.5367431640625e-07,True
asd_13,False,8.58306884765625e-06,True
asd_14,False,9.5367431640625e-07,True
asd_15,False,3.5762786865234375e-07,True
asd_16,False,9.5367431640625e-07,True
asd_17,False,4.76837158203125e-07,True
asd_18,False,2.86102294921875e-06,True
asd_19,False,7.152557373046875e-07,True
asd_20,False,4.172325134277344e-07,True
asd_21,False,3.814697265625e-06,True
asd_22,False,2.384185791015625e-06,True
asd_23,False,9.918212890625e-05,True
asd_24,False,1.1444091796875e-05,True
asd_25,False,1.788139343261719e-07,True
asd_26,False,2.384185791015625e-07,True
asd_27,False,1.430511474609375e-06,True
asd_28,False,4.76837158203125e-07,True
asd_29,False,1.9073486328125e-06,True
asd_30,False,3.814697265625e-06,True
asd_31,False,7.62939453125e-06,True
asd_32,False,9.5367431640625e-07,True
asd_33,False,7.62939453125e-06,True
asd_34,False,2.384185791015625e-07,True
asd_35,False,3.5762786865234375e-07,True
asd_36,False,9.5367431640625e-07,True
asd_37,False,3.5762786865234375e-07,True
asd_38,False,3.814697265625e-06,True
asd_39,False,2.384185791015625e-07,True
asd_40,False,2.384185791015625e-07,True
asd_41,False,2.384185791015625e-07,True
asd_42,False,1.9073486328125e-06,True
asd_43,False,5.7220458984375e-06,True
asd_44,False,1.52587890625e-05,True
asd_45,False,1.1920928955078125e-06,True
asd_46,False,9.5367431640625e-07,True
asd_47,False,2.384185791015625e-07,True
asd_48,False,4.76837158203125e-07,True
asd_49,False,2.86102294921875e-06,True
asd_50,False,2.384185791015625e-07,True
td_1,False,2.86102294921875e-06,True
td_2,False,1.9073486328125e-06,True
td_3,False,6.556510925292969e-07,True
td_4,False,9.5367431640625e-07,True
td_5,False,7.62939453125e-06,True
td_6,False,2.384185791015625e-06,True
td_7,False,2.86102294921875e-06,True
td_8,False,3.5762786865234375e-07,True
td_9,False,9.5367431640625e-07,True
td_10,False,7.62939453125e-06,True
td_11,False,1.9073486328125e-06,True
td_12,False,4.76837158203125e-07,True
td_13,False,3.5762786865234375e-07,True
td_14,False,1.9073486328125e-06,True
td_15,False,1.9073486328125e-06,True
td_16,False,1.9073486328125e-06,True
td_17,False,7.152557373046875e-07,True
td_18,False,3.814697265625e-06,True
td_19,False,3.5762786865234375e-07,True
td_20,False,5.960464477539062e-07,True
td_21,False,2.980232238769531e-07,True
td_22,False,7.62939453125e-06,True
td_23,False,9.5367431640625e-07,True
td_24,False,2.86102294921875e-06,True
td_25,False,1.1444091796875e-05,True
td_26,False,2.384185791015625e-07,True
td_27,False,7.152557373046875e-07,True
td_28,False,1.9073486328125e-06,True
td_29,False,1.430511474609375e-06,True
td_30,False,3.5762786865234375e-07,True
td_31,False,2.384185791015625e-07,True
td_32,False,1.430511474609375e-06,True
td_33,False,4.76837158203125e-07,True
td_34,False,3.814697265625e-06,True
td_35,False,4.76837158203125e-07,True
td_36,False,4.76837158203125e-07,True
td_37,False,2.384185791015625e-07,True
td_38,False,3.5762786865234375e-07,True
td_39,False,7.152557373046875e-07,True
td_40,False,1.9073486328125e-06,True
td_41,False,9.059906005859377e-06,True
td_42,False,1.430511474609375e-06,True
td_43,False,8.940696716308594e-07,True
td_44,False,1.6689300537109375e-06,True
td_45,False,3.0517578125e-05,True
td_46,False,2.980232238769531e-07,True
td_47,False,1.0728836059570312e-06,True
td_48,False,1.0728836059570312e-06,True
td_49,False,2.384185791015625e-07,True
td_50,False,2.384185791015625e-07,True
severe_case1_v1,False,3.5762786865234375e-07,True
severe_case2_v1,False,1.1444091796875e-05,True
severe_case2_v2,False,1.71661376953125e-05,True
severe_case3_v1,False,1.9073486328125e-06,True
severe_case4_v1,False,9.5367431640625e-07,True
severe_case5_v1,False,1.430511474609375e-06,True
severe_case6_v1,False,3.5762786865234375e-07,True
severe_case7_v1,False,9.5367431640625e-06,True
severe_case8_v1,False,2.384185791015625e-07,True
severe_case9_v1,False,2.384185791015625e-07,True
